"0","data_analysis_wide <- data_analysis %>% unite(col = sex_age, sex, age)"
"0","data_analysis_wide <- data_analysis_wide %>% spread(key = sex_age, value = values)"
"0","glimpse(data_analysis_wide)"
"1","Observations: 6,003
"
"1","Variables: 261
"
"1","$ indic_de <fct> DEATHRATE, DEATHRATE, DEATHRATE, DEATHRATE, DEATHRATE, DEATHRATE...
"
"1","$ geo      <fct> AT11, AT11, AT11, AT11, AT11, AT11, AT11, AT11, AT11, AT11, AT11...
"
"1","$ time     <dbl> 1990, 1991, 1992, 1993, 1994, 1996, 1997, 1998, 1999, 2000, 2001...
"
"1","$ F_Y00    <dbl> 0.00440, 0.00878, 0.00896, 0.00514, 0.00222, 0.00467, 0.00325, 0...
"
"1","$ F_Y01    <dbl> 0.00000, 0.00000, 0.00071, 0.00000, 0.00072, 0.00000, 0.00000, 0...
"
"1","$ F_Y02    <dbl> 0.00000, 0.00072, 0.00000, 0.00000, 0.00000, 0.00000, 0.00075, 0...
"
"1","$ F_Y03    <dbl> 0.00072, 0.00000, 0.00070, 0.00000, 0.00000, 0.00070, 0.00000, 0...
"
"1","$ F_Y04    <dbl> 0.00069, 0.00000, 0.00000, 0.00000, 0.00000, 0.00070, 0.00000, 0...
"
"1","$ F_Y05    <dbl> 0.00000, 0.00067, 0.00000, 0.00069, 0.00000, 0.00000, 0.00070, 0...
"
"1","$ F_Y06    <dbl> 0.00000, 0.00000, 0.00000, 0.00000, 0.00000, 0.00066, 0.00000, 0...
"
"1","$ F_Y07    <dbl> 0.00000, 0.00000, 0.00000, 0.00066, 0.00000, 0.00000, 0.00000, 0...
"
"1","$ F_Y08    <dbl> 0.00000, 0.00000, 0.00000, 0.00062, 0.00000, 0.00000, 0.00000, 0...
"
"1","$ F_Y09    <dbl> 0.00000, 0.00000, 0.00000, 0.00061, 0.00000, 0.00000, 0.00000, 0...
"
"1","$ F_Y10    <dbl> 0.00000, 0.00000, 0.00000, 0.00000, 0.00060, 0.00000, 0.00000, 0...
"
"1","$ F_Y11    <dbl> 0.00000, 0.00000, 0.00000, 0.00118, 0.00000, 0.00000, 0.00000, 0...
"
"1","$ F_Y12    <dbl> 0.00000, 0.00000, 0.00000, 0.00000, 0.00000, 0.00000, 0.00000, 0...
"
"1","$ F_Y13    <dbl> 0.00000, 0.00064, 0.00000, 0.00060, 0.00000, 0.00000, 0.00000, 0...
"
"1","$ F_Y14    <dbl> 0.00059, 0.00000, 0.00000, 0.00000, 0.00060, 0.00058, 0.00000, 0...
"
"1","$ F_Y15    <dbl> 0.00000, 0.00000, 0.00000, 0.00000, 0.00000, 0.00000, 0.00000, 0...
"
"1","$ F_Y16    <dbl> 0.00110, 0.00000, 0.00177, 0.00062, 0.00000, 0.00060, 0.00000, 0...
"
"1","$ F_Y17    <dbl> 0.00000, 0.00000, 0.00056, 0.00000, 0.00062, 0.00063, 0.00060, 0...
"
"1","$ F_Y18    <dbl> 0.00052, 0.00107, 0.00000, 0.00057, 0.00000, 0.00000, 0.00063, 0...
"
"1","$ F_Y19    <dbl> 0.00053, 0.00104, 0.00107, 0.00110, 0.00000, 0.00063, 0.00065, 0...
"
"1","$ F_Y20    <dbl> 0.00000, 0.00053, 0.00052, 0.00054, 0.00000, 0.00061, 0.00000, 0...
"
"1","$ F_Y21    <dbl> 0.00000, 0.00106, 0.00000, 0.00052, 0.00000, 0.00117, 0.00000, 0...
"
"1","$ F_Y22    <dbl> 0.00000, 0.00000, 0.00000, 0.00052, 0.00053, 0.00000, 0.00000, 0...
"
"1","$ F_Y23    <dbl> 0.00051, 0.00102, 0.00101, 0.00104, 0.00052, 0.00000, 0.00000, 0...
"
"1","$ F_Y24    <dbl> 0.00050, 0.00051, 0.00000, 0.00000, 0.00052, 0.00053, 0.00056, 0...
"
"1","$ F_Y25    <dbl> 0.00000, 0.00050, 0.00000, 0.00101, 0.00000, 0.00000, 0.00053, 0...
"
"1","$ F_Y26    <dbl> 0.00000, 0.00049, 0.00049, 0.00000, 0.00050, 0.00101, 0.00000, 0...
"
"1","$ F_Y27    <dbl> 0.00046, 0.00000, 0.00048, 0.00145, 0.00050, 0.00000, 0.00000, 0...
"
"1","$ F_Y28    <dbl> 0.00047, 0.00046, 0.00000, 0.00095, 0.00048, 0.00149, 0.00000, 0...
"
"1","$ F_Y29    <dbl> 0.00000, 0.00000, 0.00046, 0.00046, 0.00047, 0.00049, 0.00000, 0...
"
"1","$ F_Y30    <dbl> 0.00000, 0.00000, 0.00138, 0.00000, 0.00000, 0.00047, 0.00000, 0...
"
"1","$ F_Y31    <dbl> 0.00000, 0.00095, 0.00000, 0.00000, 0.00089, 0.00046, 0.00094, 0...
"
"1","$ F_Y32    <dbl> 0.00000, 0.00097, 0.00094, 0.00046, 0.00000, 0.00000, 0.00046, 0...
"
"1","$ F_Y33    <dbl> 0.00000, 0.00049, 0.00000, 0.00046, 0.00045, 0.00000, 0.00088, 0...
"
"1","$ F_Y34    <dbl> 0.00103, 0.00148, 0.00097, 0.00095, 0.00046, 0.00133, 0.00044, 0...
"
"1","$ F_Y35    <dbl> 0.00107, 0.00051, 0.00049, 0.00000, 0.00141, 0.00180, 0.00044, 0...
"
"1","$ F_Y36    <dbl> 0.00111, 0.00000, 0.00000, 0.00049, 0.00096, 0.00000, 0.00045, 0...
"
"1","$ F_Y37    <dbl> 0.00057, 0.00055, 0.00000, 0.00000, 0.00146, 0.00186, 0.00091, 0...
"
"1","$ F_Y38    <dbl> 0.00057, 0.00000, 0.00054, 0.00105, 0.00101, 0.00142, 0.00000, 0...
"
"1","$ F_Y39    <dbl> 0.00115, 0.00057, 0.00167, 0.00054, 0.00000, 0.00145, 0.00142, 0...
"
"1","$ F_Y40    <dbl> 0.00112, 0.00057, 0.00168, 0.00221, 0.00269, 0.00100, 0.00000, 0...
"
"1","$ F_Y41    <dbl> 0.00055, 0.00111, 0.00227, 0.00056, 0.00055, 0.00000, 0.00150, 0...
"
"1","$ F_Y42    <dbl> 0.00225, 0.00217, 0.00220, 0.00170, 0.00055, 0.00107, 0.00155, 0...
"
"1","$ F_Y43    <dbl> 0.00274, 0.00112, 0.00215, 0.00165, 0.00113, 0.00164, 0.00213, 0...
"
"1","$ F_Y44    <dbl> 0.00000, 0.00272, 0.00278, 0.00215, 0.00437, 0.00221, 0.00055, 0...
"
"1","$ F_Y45    <dbl> 0.00087, 0.00274, 0.00271, 0.00111, 0.00160, 0.00112, 0.00055, 0...
"
"1","$ F_Y46    <dbl> 0.00157, 0.00000, 0.00090, 0.00067, 0.00000, 0.00108, 0.00112, 0...
"
"1","$ F_Y47    <dbl> 0.00161, 0.00233, 0.00172, 0.00090, 0.00067, 0.00106, 0.00324, 0...
"
"1","$ F_Y48    <dbl> 0.00278, 0.00080, 0.00385, 0.00344, 0.00271, 0.00110, 0.00212, 0...
"
"1","$ F_Y49    <dbl> 0.00275, 0.00207, 0.00237, 0.00077, 0.00172, 0.00202, 0.00110, 0...
"
"1","$ F_Y50    <dbl> 0.00255, 0.00219, 0.00137, 0.00314, 0.00076, 0.00270, 0.00403, 0...
"
"1","$ F_Y51    <dbl> 0.00412, 0.00354, 0.00218, 0.00204, 0.00233, 0.00256, 0.00090, 0...
"
"1","$ F_Y52    <dbl> 0.00275, 0.00293, 0.00403, 0.00272, 0.00204, 0.00604, 0.00426, 0...
"
"1","$ F_Y53    <dbl> 0.00267, 0.00684, 0.00409, 0.00452, 0.00326, 0.00464, 0.00301, 0...
"
"1","$ F_Y54    <dbl> 0.00446, 0.00200, 0.00205, 0.00291, 0.00400, 0.00068, 0.00155, 0...
"
"1","$ F_Y55    <dbl> 0.00638, 0.00762, 0.00199, 0.00477, 0.00405, 0.00379, 0.00476, 0...
"
"1","$ F_Y56    <dbl> 0.00767, 0.00447, 0.00571, 0.00596, 0.00271, 0.00298, 0.00270, 0...
"
"1","$ F_Y57    <dbl> 0.00300, 0.00383, 0.00510, 0.00381, 0.00532, 0.00402, 0.00199, 0...
"
"1","$ F_Y58    <dbl> 0.00654, 0.00479, 0.00637, 0.00446, 0.00635, 0.00475, 0.00515, 0...
"
"1","$ F_Y59    <dbl> 0.00421, 0.00949, 0.00539, 0.00574, 0.00384, 0.00600, 0.00476, 0...
"
"1","$ F_Y60    <dbl> 0.00708, 0.00540, 0.00238, 0.00900, 0.00575, 0.00514, 0.00737, 0...
"
"1","$ F_Y61    <dbl> 0.00622, 0.00708, 0.00780, 0.00476, 0.01025, 0.00777, 0.00580, 0...
"
"1","$ F_Y62    <dbl> 0.01081, 0.00905, 0.00946, 0.00543, 0.00481, 0.00516, 0.00845, 0...
"
"1","$ F_Y63    <dbl> 0.00967, 0.01358, 0.01026, 0.00594, 0.00849, 0.00616, 0.00845, 0...
"
"1","$ F_Y64    <dbl> 0.01308, 0.00811, 0.00988, 0.00864, 0.01080, 0.00919, 0.00867, 0...
"
"1","$ F_Y65    <dbl> 0.00989, 0.01210, 0.01366, 0.00999, 0.01631, 0.01241, 0.01487, 0...
"
"1","$ F_Y66    <dbl> 0.01305, 0.01296, 0.01009, 0.01051, 0.01357, 0.01233, 0.00753, 0...
"
"1","$ F_Y67    <dbl> 0.01126, 0.01709, 0.01109, 0.01286, 0.01012, 0.01208, 0.01184, 0...
"
"1","$ F_Y68    <dbl> 0.01939, 0.01682, 0.01235, 0.01376, 0.01192, 0.01524, 0.01035, 0...
"
"1","$ F_Y69    <dbl> 0.01862, 0.01962, 0.01701, 0.01300, 0.01972, 0.01520, 0.01429, 0...
"
"1","$ F_Y70    <dbl> 0.01815, 0.01948, 0.01998, 0.02140, 0.01941, 0.01305, 0.02317, 0...
"
"1","$ F_Y71    <dbl> 0.02497, 0.02431, 0.01718, 0.02040, 0.02135, 0.02113, 0.02082, 0...
"
"1","$ F_Y72    <dbl> 0.01531, 0.01984, 0.03603, 0.02614, 0.02147, 0.02104, 0.01493, 0...
"
"1","$ F_Y73    <dbl> 0.01843, 0.02257, 0.02813, 0.02907, 0.01818, 0.02638, 0.02421, 0...
"
"1","$ F_Y74    <dbl> 0.02281, 0.04342, 0.02493, 0.01896, 0.03198, 0.03877, 0.03174, 0...
"
"1","$ F_Y75    <dbl> 0.04043, 0.02475, 0.04501, 0.03333, 0.03091, 0.03710, 0.03360, 0...
"
"1","$ F_Y76    <dbl> 0.04651, 0.03299, 0.03429, 0.03367, 0.03487, 0.03513, 0.03050, 0...
"
"1","$ F_Y77    <dbl> 0.05189, 0.03506, 0.05166, 0.04362, 0.04022, 0.03810, 0.04801, 0...
"
"1","$ F_Y78    <dbl> 0.05079, 0.06963, 0.03923, 0.05210, 0.04576, 0.04010, 0.02560, 0...
"
"1","$ F_Y79    <dbl> 0.06376, 0.06778, 0.05428, 0.04962, 0.05888, 0.06891, 0.04959, 0...
"
"1","$ F_Y80    <dbl> 0.08236, 0.07425, 0.06319, 0.04770, 0.06102, 0.05740, 0.05606, 0...
"
"1","$ F_Y81    <dbl> 0.08098, 0.08114, 0.07392, 0.08195, 0.07218, 0.08675, 0.06174, 0...
"
"1","$ F_Y82    <dbl> 0.10311, 0.09443, 0.09252, 0.07925, 0.09544, 0.09003, 0.08906, 0...
"
"1","$ F_Y83    <dbl> 0.09431, 0.09911, 0.08245, 0.08375, 0.10122, 0.08243, 0.09281, 0...
"
"1","$ F_Y84    <dbl> 0.11255, 0.12529, 0.09646, 0.12446, 0.13788, 0.08530, 0.12879, 0...
"
"1","$ `F_Y85+` <dbl> 0.18640, 0.18235, 0.19248, 0.19573, 0.18352, 0.18731, 0.18523, 0...
"
"1","$ M_Y00    <dbl> 0.00499, 0.00709, 0.00572, 0.00504, 0.00780, 0.00724, 0.00562, 0...
"
"1","$ M_Y01    <dbl> 0.00138, 0.00208, 0.00069, 0.00070, 0.00000, 0.00000, 0.00080, 0...
"
"1","$ M_Y02    <dbl> 0.00000, 0.00000, 0.00000, 0.00000, 0.00000, 0.00069, 0.00074, 0...
"
"1","$ M_Y03    <dbl> 0.00000, 0.00000, 0.00066, 0.00000, 0.00000, 0.00069, 0.00068, 0...
"
"1","$ M_Y04    <dbl> 0.00000, 0.00000, 0.00000, 0.00066, 0.00066, 0.00000, 0.00000, 0...
"
"1","$ M_Y05    <dbl> 0.00000, 0.00127, 0.00000, 0.00000, 0.00000, 0.00000, 0.00000, 0...
"
"1","$ M_Y06    <dbl> 0.00000, 0.00000, 0.00000, 0.00000, 0.00000, 0.00000, 0.00000, 0...
"
"1","$ M_Y07    <dbl> 0.00000, 0.00000, 0.00000, 0.00000, 0.00000, 0.00000, 0.00000, 0...
"
"1","$ M_Y08    <dbl> 0.00000, 0.00000, 0.00062, 0.00061, 0.00062, 0.00000, 0.00000, 0...
"
"1","$ M_Y09    <dbl> 0.00000, 0.00000, 0.00000, 0.00000, 0.00060, 0.00000, 0.00000, 0...
"
"1","$ M_Y10    <dbl> 0.00000, 0.00000, 0.00000, 0.00000, 0.00000, 0.00000, 0.00000, 0...
"
"1","$ M_Y11    <dbl> 0.00000, 0.00000, 0.00000, 0.00000, 0.00060, 0.00000, 0.00000, 0...
"
"1","$ M_Y12    <dbl> 0.00000, 0.00060, 0.00000, 0.00056, 0.00000, 0.00000, 0.00000, 0...
"
"1","$ M_Y13    <dbl> 0.00000, 0.00000, 0.00059, 0.00000, 0.00056, 0.00000, 0.00000, 0...
"
"1","$ M_Y14    <dbl> 0.00058, 0.00000, 0.00000, 0.00000, 0.00058, 0.00000, 0.00059, 0...
"
"1","$ M_Y15    <dbl> 0.00000, 0.00116, 0.00000, 0.00000, 0.00000, 0.00056, 0.00056, 0...
"
"1","$ M_Y16    <dbl> 0.00052, 0.00162, 0.00000, 0.00000, 0.00000, 0.00058, 0.00112, 0...
"
"1","$ M_Y17    <dbl> 0.00052, 0.00104, 0.00215, 0.00174, 0.00120, 0.00059, 0.00115, 0...
"
"1","$ M_Y18    <dbl> 0.00148, 0.00155, 0.00208, 0.00216, 0.00175, 0.00000, 0.00177, 0...
"
"1","$ M_Y19    <dbl> 0.00145, 0.00098, 0.00410, 0.00156, 0.00217, 0.00060, 0.00060, 0...
"
"1","$ M_Y20    <dbl> 0.00246, 0.00384, 0.00146, 0.00256, 0.00104, 0.00000, 0.00183, 0...
"
"1","$ M_Y21    <dbl> 0.00195, 0.00147, 0.00429, 0.00098, 0.00155, 0.00000, 0.00178, 0...
"
"1","$ M_Y22    <dbl> 0.00095, 0.00097, 0.00000, 0.00048, 0.00000, 0.00105, 0.00110, 0...
"
"1","$ M_Y23    <dbl> 0.00327, 0.00142, 0.00191, 0.00388, 0.00096, 0.00208, 0.00160, 0...
"
"1","$ M_Y24    <dbl> 0.00000, 0.00046, 0.00140, 0.00048, 0.00194, 0.00147, 0.00106, 0...
"
"1","$ M_Y25    <dbl> 0.00182, 0.00046, 0.00091, 0.00093, 0.00141, 0.00096, 0.00050, 0...
"
"1","$ M_Y26    <dbl> 0.00175, 0.00181, 0.00136, 0.00046, 0.00463, 0.00144, 0.00049, 0...
"
"1","$ M_Y27    <dbl> 0.00131, 0.00044, 0.00089, 0.00180, 0.00045, 0.00138, 0.00048, 0...
"
"1","$ M_Y28    <dbl> 0.00088, 0.00218, 0.00000, 0.00133, 0.00089, 0.00045, 0.00140, 0...
"
"1","$ M_Y29    <dbl> 0.00223, 0.00132, 0.00086, 0.00129, 0.00176, 0.00132, 0.00091, 0...
"
"1","$ M_Y30    <dbl> 0.00087, 0.00134, 0.00087, 0.00043, 0.00042, 0.00087, 0.00000, 0...
"
"1","$ M_Y31    <dbl> 0.00133, 0.00131, 0.00088, 0.00043, 0.00169, 0.00173, 0.00175, 0...
"
"1","$ M_Y32    <dbl> 0.00092, 0.00088, 0.00086, 0.00044, 0.00085, 0.00042, 0.00043, 0...
"
"1","$ M_Y33    <dbl> 0.00230, 0.00182, 0.00303, 0.00085, 0.00130, 0.00083, 0.00084, 0...
"
"1","$ M_Y34    <dbl> 0.00187, 0.00091, 0.00090, 0.00043, 0.00210, 0.00168, 0.00042, 0...
"
"1","$ M_Y35    <dbl> 0.00098, 0.00278, 0.00045, 0.00222, 0.00297, 0.00171, 0.00042, 0...
"
"1","$ M_Y36    <dbl> 0.00155, 0.00387, 0.00183, 0.00134, 0.00088, 0.00124, 0.00255, 0...
"
"1","$ M_Y37    <dbl> 0.00203, 0.00154, 0.00048, 0.00091, 0.00223, 0.00126, 0.00207, 0...
"
"1","$ M_Y38    <dbl> 0.00152, 0.00202, 0.00051, 0.00238, 0.00453, 0.00219, 0.00209, 0...
"
"1","$ M_Y39    <dbl> 0.00152, 0.00101, 0.00100, 0.00151, 0.00189, 0.00045, 0.00132, 0...
"
"1","$ M_Y40    <dbl> 0.00149, 0.00351, 0.00250, 0.00447, 0.00200, 0.00271, 0.00179, 0...
"
"1","$ M_Y41    <dbl> 0.00348, 0.00098, 0.00449, 0.00149, 0.00247, 0.00283, 0.00407, 0...
"
"1","$ M_Y42    <dbl> 0.00308, 0.00395, 0.00049, 0.00298, 0.00149, 0.00150, 0.00237, 0...
"
"1","$ M_Y43    <dbl> 0.00250, 0.00459, 0.00491, 0.00146, 0.00099, 0.00148, 0.00351, 0...
"
"1","$ M_Y44    <dbl> 0.00506, 0.00559, 0.00558, 0.00343, 0.00291, 0.00446, 0.00246, 0...
"
"1","$ M_Y45    <dbl> 0.00583, 0.00585, 0.00802, 0.00507, 0.00438, 0.00397, 0.00398, 0...
"
"1","$ M_Y46    <dbl> 0.00505, 0.00829, 0.00583, 0.00370, 0.00355, 0.00242, 0.00448, 0...
"
"1","$ M_Y47    <dbl> 0.00944, 0.00719, 0.00659, 0.00249, 0.00367, 0.00489, 0.00292, 0...
"
"1","$ M_Y48    <dbl> 0.00785, 0.00506, 0.00716, 0.00329, 0.00825, 0.00506, 0.00442, 0...
"
"1","$ M_Y49    <dbl> 0.00585, 0.00586, 0.00934, 0.00357, 0.00329, 0.00858, 0.00357, 0...
"
"1","$ M_Y50    <dbl> 0.00776, 0.00530, 0.00517, 0.00359, 0.00356, 0.00498, 0.00738, 0...
"
"1","$ M_Y51    <dbl> 0.00785, 0.00776, 0.00477, 0.00517, 0.00788, 0.00826, 0.00916, 0...
"
"1","$ M_Y52    <dbl> 0.00541, 0.01064, 0.00970, 0.00797, 0.00908, 0.01152, 0.00918, 0...
"
"1","$ M_Y53    <dbl> 0.00932, 0.01222, 0.01010, 0.00926, 0.00853, 0.00509, 0.00726, 0...
"
"1","$ M_Y54    <dbl> 0.00643, 0.00935, 0.00819, 0.01242, 0.00733, 0.00717, 0.01167, 0...
"
"1","$ M_Y55    <dbl> 0.01191, 0.02003, 0.01139, 0.00892, 0.00906, 0.01613, 0.00786, 0...
"
"1","$ M_Y56    <dbl> 0.00943, 0.02071, 0.01704, 0.01829, 0.01450, 0.01039, 0.01300, 0...
"
"1","$ M_Y57    <dbl> 0.01271, 0.01833, 0.01149, 0.00996, 0.01091, 0.01898, 0.00796, 0...
"
"1","$ M_Y58    <dbl> 0.01347, 0.01667, 0.01158, 0.01699, 0.01672, 0.00767, 0.01044, 0...
"
"1","$ M_Y59    <dbl> 0.01521, 0.01480, 0.01292, 0.01233, 0.01991, 0.00895, 0.00980, 0...
"
"1","$ M_Y60    <dbl> 0.01589, 0.01775, 0.01803, 0.01499, 0.01384, 0.01711, 0.01529, 0...
"
"1","$ M_Y61    <dbl> 0.01931, 0.02155, 0.01673, 0.02023, 0.01387, 0.02197, 0.01880, 0...
"
"1","$ M_Y62    <dbl> 0.01821, 0.02654, 0.02006, 0.02083, 0.02061, 0.01777, 0.01942, 0...
"
"1","$ M_Y63    <dbl> 0.02185, 0.02238, 0.02568, 0.02241, 0.02002, 0.02325, 0.02016, 0...
"
"1","$ M_Y64    <dbl> 0.01868, 0.02781, 0.02767, 0.02492, 0.02096, 0.02438, 0.02172, 0...
"
"1","$ M_Y65    <dbl> 0.02804, 0.02676, 0.02836, 0.02985, 0.02565, 0.02113, 0.01993, 0...
"
"1","$ M_Y66    <dbl> 0.03438, 0.02345, 0.02372, 0.02906, 0.02996, 0.03106, 0.02503, 0...
"
"1","$ M_Y67    <dbl> 0.02900, 0.04085, 0.03926, 0.02212, 0.02607, 0.03885, 0.03943, 0...
"
"1","$ M_Y68    <dbl> 0.03336, 0.03138, 0.03564, 0.03263, 0.02349, 0.02604, 0.03109, 0...
"
"1","$ M_Y69    <dbl> 0.03487, 0.03433, 0.02817, 0.03718, 0.03313, 0.03446, 0.03403, 0...
"
"1","$ M_Y70    <dbl> 0.04746, 0.03699, 0.04826, 0.02647, 0.03157, 0.03272, 0.03830, 0...
"
"1","$ M_Y71    <dbl> 0.03056, 0.04804, 0.04730, 0.05226, 0.04775, 0.03348, 0.04329, 0...
"
"1","$ M_Y72    <dbl> 0.04158, 0.03807, 0.04307, 0.04350, 0.03944, 0.05243, 0.03316, 0...
"
"1","$ M_Y73    <dbl> 0.05350, 0.03429, 0.03143, 0.04887, 0.04562, 0.05558, 0.05471, 0...
"
"1","$ M_Y74    <dbl> 0.06165, 0.05376, 0.06213, 0.04167, 0.06084, 0.05010, 0.04341, 0...
"
"1","$ M_Y75    <dbl> 0.07217, 0.05141, 0.05690, 0.07080, 0.04420, 0.05804, 0.05134, 0...
"
"1","$ M_Y76    <dbl> 0.07962, 0.09154, 0.07153, 0.06442, 0.07133, 0.07397, 0.06463, 0...
"
"1","$ M_Y77    <dbl> 0.09031, 0.08657, 0.07671, 0.04727, 0.06291, 0.07127, 0.05607, 0...
"
"1","$ M_Y78    <dbl> 0.10535, 0.08487, 0.06390, 0.08400, 0.08267, 0.08052, 0.08837, 0...
"
"1","$ M_Y79    <dbl> 0.09647, 0.07672, 0.08507, 0.11538, 0.08454, 0.08853, 0.08803, 0...
"
"1","$ M_Y80    <dbl> 0.13590, 0.09326, 0.09924, 0.10251, 0.11788, 0.07843, 0.09978, 0...
"
"1","$ M_Y81    <dbl> 0.10594, 0.13282, 0.11422, 0.09989, 0.10549, 0.12205, 0.09071, 0...
"
"1","$ M_Y82    <dbl> 0.10996, 0.15007, 0.09469, 0.11242, 0.11947, 0.12500, 0.12773, 0...
"
"1","$ M_Y83    <dbl> 0.15665, 0.13014, 0.12642, 0.18387, 0.11782, 0.16111, 0.14545, 0...
"
"1","$ M_Y84    <dbl> 0.14474, 0.18565, 0.19394, 0.11048, 0.14471, 0.14658, 0.15088, 0...
"
"1","$ `M_Y85+` <dbl> 0.22546, 0.21745, 0.24058, 0.23584, 0.22575, 0.21310, 0.18480, 0...
"
"1","$ T_Y00    <dbl> 0.00470, 0.00793, 0.00731, 0.00509, 0.00507, 0.00594, 0.00444, 0...
"
"1","$ T_Y01    <dbl> 0.00071, 0.00105, 0.00070, 0.00036, 0.00036, 0.00000, 0.00039, 0...
"
"1","$ T_Y02    <dbl> 0.00000, 0.00035, 0.00000, 0.00000, 0.00000, 0.00035, 0.00074, 0...
"
"1","$ T_Y03    <dbl> 0.00035, 0.00000, 0.00068, 0.00000, 0.00000, 0.00070, 0.00035, 0...
"
"1","$ T_Y04    <dbl> 0.00033, 0.00000, 0.00000, 0.00034, 0.00034, 0.00034, 0.00000, 0...
"
"1","$ T_Y05    <dbl> 0.00000, 0.00098, 0.00000, 0.00033, 0.00000, 0.00000, 0.00034, 0...
"
"1","$ T_Y06    <dbl> 0.00000, 0.00000, 0.00000, 0.00000, 0.00000, 0.00033, 0.00000, 0...
"
"1","$ T_Y07    <dbl> 0.00000, 0.00000, 0.00000, 0.00032, 0.00000, 0.00000, 0.00000, 0...
"
"1","$ T_Y08    <dbl> 0.00000, 0.00000, 0.00031, 0.00061, 0.00032, 0.00000, 0.00000, 0...
"
"1","$ T_Y09    <dbl> 0.00000, 0.00000, 0.00000, 0.00030, 0.00030, 0.00000, 0.00000, 0...
"
"1","$ T_Y10    <dbl> 0.00000, 0.00000, 0.00000, 0.00000, 0.00030, 0.00000, 0.00000, 0...
"
"1","$ T_Y11    <dbl> 0.00000, 0.00000, 0.00000, 0.00058, 0.00030, 0.00000, 0.00000, 0...
"
"1","$ T_Y12    <dbl> 0.00000, 0.00031, 0.00000, 0.00029, 0.00000, 0.00000, 0.00000, 0...
"
"1","$ T_Y13    <dbl> 0.00000, 0.00031, 0.00031, 0.00030, 0.00028, 0.00000, 0.00000, 0...
"
"1","$ T_Y14    <dbl> 0.00059, 0.00000, 0.00000, 0.00000, 0.00059, 0.00029, 0.00030, 0...
"
"1","$ T_Y15    <dbl> 0.00000, 0.00059, 0.00000, 0.00000, 0.00000, 0.00028, 0.00029, 0...
"
"1","$ T_Y16    <dbl> 0.00080, 0.00083, 0.00088, 0.00030, 0.00000, 0.00059, 0.00057, 0...
"
"1","$ T_Y17    <dbl> 0.00026, 0.00053, 0.00138, 0.00088, 0.00091, 0.00061, 0.00088, 0...
"
"1","$ T_Y18    <dbl> 0.00102, 0.00131, 0.00107, 0.00138, 0.00089, 0.00000, 0.00122, 0...
"
"1","$ T_Y19    <dbl> 0.00101, 0.00101, 0.00262, 0.00134, 0.00112, 0.00062, 0.00062, 0...
"
"1","$ T_Y20    <dbl> 0.00128, 0.00226, 0.00100, 0.00158, 0.00054, 0.00030, 0.00093, 0...
"
"1","$ T_Y21    <dbl> 0.00101, 0.00127, 0.00224, 0.00076, 0.00080, 0.00057, 0.00090, 0...
"
"1","$ T_Y22    <dbl> 0.00049, 0.00050, 0.00000, 0.00050, 0.00025, 0.00055, 0.00057, 0...
"
"1","$ T_Y23    <dbl> 0.00195, 0.00123, 0.00148, 0.00251, 0.00075, 0.00107, 0.00083, 0...
"
"1","$ T_Y24    <dbl> 0.00024, 0.00048, 0.00073, 0.00024, 0.00125, 0.00102, 0.00081, 0...
"
"1","$ T_Y25    <dbl> 0.00094, 0.00048, 0.00048, 0.00097, 0.00073, 0.00050, 0.00051, 0...
"
"1","$ T_Y26    <dbl> 0.00091, 0.00117, 0.00094, 0.00024, 0.00265, 0.00123, 0.00025, 0...
"
"1","$ T_Y27    <dbl> 0.00090, 0.00023, 0.00070, 0.00163, 0.00047, 0.00071, 0.00025, 0...
"
"1","$ T_Y28    <dbl> 0.00068, 0.00134, 0.00000, 0.00115, 0.00069, 0.00095, 0.00072, 0...
"
"1","$ T_Y29    <dbl> 0.00115, 0.00068, 0.00066, 0.00089, 0.00114, 0.00093, 0.00047, 0...
"
"1","$ T_Y30    <dbl> 0.00046, 0.00069, 0.00112, 0.00022, 0.00022, 0.00068, 0.00000, 0...
"
"1","$ T_Y31    <dbl> 0.00070, 0.00114, 0.00045, 0.00022, 0.00130, 0.00111, 0.00136, 0...
"
"1","$ T_Y32    <dbl> 0.00048, 0.00092, 0.00090, 0.00045, 0.00044, 0.00022, 0.00045, 0...
"
"1","$ T_Y33    <dbl> 0.00120, 0.00118, 0.00159, 0.00066, 0.00089, 0.00043, 0.00086, 0...
"
"1","$ T_Y34    <dbl> 0.00147, 0.00119, 0.00093, 0.00068, 0.00132, 0.00151, 0.00043, 0...
"
"1","$ T_Y35    <dbl> 0.00102, 0.00170, 0.00047, 0.00116, 0.00223, 0.00176, 0.00043, 0...
"
"1","$ T_Y36    <dbl> 0.00133, 0.00203, 0.00096, 0.00093, 0.00092, 0.00065, 0.00153, 0...
"
"1","$ T_Y37    <dbl> 0.00134, 0.00106, 0.00025, 0.00048, 0.00186, 0.00154, 0.00151, 0...
"
"1","$ T_Y38    <dbl> 0.00108, 0.00106, 0.00052, 0.00175, 0.00286, 0.00182, 0.00110, 0...
"
"1","$ T_Y39    <dbl> 0.00135, 0.00080, 0.00132, 0.00104, 0.00099, 0.00093, 0.00137, 0...
"
"1","$ T_Y40    <dbl> 0.00132, 0.00214, 0.00211, 0.00340, 0.00233, 0.00190, 0.00093, 0...
"
"1","$ T_Y41    <dbl> 0.00208, 0.00104, 0.00345, 0.00105, 0.00156, 0.00148, 0.00285, 0...
"
"1","$ T_Y42    <dbl> 0.00268, 0.00310, 0.00130, 0.00238, 0.00105, 0.00129, 0.00198, 0...
"
"1","$ T_Y43    <dbl> 0.00261, 0.00293, 0.00359, 0.00155, 0.00106, 0.00156, 0.00284, 0...
"
"1","$ T_Y44    <dbl> 0.00264, 0.00422, 0.00424, 0.00282, 0.00360, 0.00340, 0.00156, 0...
"
"1","$ T_Y45    <dbl> 0.00341, 0.00436, 0.00549, 0.00318, 0.00306, 0.00263, 0.00236, 0...
"
"1","$ T_Y46    <dbl> 0.00338, 0.00424, 0.00347, 0.00226, 0.00185, 0.00179, 0.00290, 0...
"
"1","$ T_Y47    <dbl> 0.00573, 0.00486, 0.00421, 0.00173, 0.00224, 0.00306, 0.00307, 0...
"
"1","$ T_Y48    <dbl> 0.00539, 0.00303, 0.00557, 0.00336, 0.00561, 0.00316, 0.00331, 0...
"
"1","$ T_Y49    <dbl> 0.00433, 0.00402, 0.00602, 0.00222, 0.00252, 0.00545, 0.00238, 0...
"
"1","$ T_Y50    <dbl> 0.00522, 0.00377, 0.00333, 0.00337, 0.00221, 0.00389, 0.00577, 0...
"
"1","$ T_Y51    <dbl> 0.00603, 0.00570, 0.00349, 0.00365, 0.00522, 0.00546, 0.00519, 0...
"
"1","$ T_Y52    <dbl> 0.00409, 0.00687, 0.00692, 0.00537, 0.00565, 0.00884, 0.00675, 0...
"
"1","$ T_Y53    <dbl> 0.00600, 0.00954, 0.00715, 0.00692, 0.00592, 0.00488, 0.00517, 0...
"
"1","$ T_Y54    <dbl> 0.00544, 0.00567, 0.00512, 0.00774, 0.00568, 0.00400, 0.00676, 0...
"
"1","$ T_Y55    <dbl> 0.00909, 0.01377, 0.00667, 0.00683, 0.00658, 0.00998, 0.00634, 0...
"
"1","$ T_Y56    <dbl> 0.00853, 0.01240, 0.01128, 0.01206, 0.00855, 0.00670, 0.00784, 0...
"
"1","$ T_Y57    <dbl> 0.00772, 0.01086, 0.00820, 0.00681, 0.00808, 0.01149, 0.00497, 0...
"
"1","$ T_Y58    <dbl> 0.00995, 0.01053, 0.00889, 0.01052, 0.01140, 0.00619, 0.00777, 0...
"
"1","$ T_Y59    <dbl> 0.00967, 0.01210, 0.00901, 0.00892, 0.01159, 0.00745, 0.00725, 0...
"
"1","$ T_Y60    <dbl> 0.01140, 0.01152, 0.01003, 0.01187, 0.00963, 0.01094, 0.01125, 0...
"
"1","$ T_Y61    <dbl> 0.01245, 0.01416, 0.01219, 0.01226, 0.01197, 0.01455, 0.01204, 0...
"
"1","$ T_Y62    <dbl> 0.01417, 0.01731, 0.01461, 0.01295, 0.01243, 0.01116, 0.01365, 0...
"
"1","$ T_Y63    <dbl> 0.01503, 0.01756, 0.01751, 0.01386, 0.01407, 0.01426, 0.01401, 0...
"
"1","$ T_Y64    <dbl> 0.01549, 0.01673, 0.01786, 0.01625, 0.01566, 0.01641, 0.01480, 0...
"
"1","$ T_Y65    <dbl> 0.01728, 0.01837, 0.02006, 0.01881, 0.02063, 0.01657, 0.01727, 0...
"
"1","$ T_Y66    <dbl> 0.02131, 0.01721, 0.01588, 0.01853, 0.02082, 0.02117, 0.01583, 0...
"
"1","$ T_Y67    <dbl> 0.01796, 0.02619, 0.02237, 0.01675, 0.01698, 0.02430, 0.02467, 0...
"
"1","$ T_Y68    <dbl> 0.02477, 0.02227, 0.02118, 0.02124, 0.01675, 0.01992, 0.01971, 0...
"
"1","$ T_Y69    <dbl> 0.02478, 0.02523, 0.02113, 0.02199, 0.02496, 0.02333, 0.02277, 0...
"
"1","$ T_Y70    <dbl> 0.02892, 0.02604, 0.03065, 0.02325, 0.02389, 0.02111, 0.02947, 0...
"
"1","$ T_Y71    <dbl> 0.02707, 0.03295, 0.02831, 0.03223, 0.03091, 0.02583, 0.02993, 0...
"
"1","$ T_Y72    <dbl> 0.02552, 0.02664, 0.03857, 0.03248, 0.02801, 0.03225, 0.02177, 0...
"
"1","$ T_Y73    <dbl> 0.03038, 0.02704, 0.02935, 0.03613, 0.02810, 0.03655, 0.03494, 0...
"
"1","$ T_Y74    <dbl> 0.03509, 0.04689, 0.03907, 0.02725, 0.04206, 0.04277, 0.03574, 0...
"
"1","$ T_Y75    <dbl> 0.05151, 0.03313, 0.04894, 0.04737, 0.03568, 0.04445, 0.03982, 0...
"
"1","$ T_Y76    <dbl> 0.05834, 0.05293, 0.04576, 0.04361, 0.04822, 0.04834, 0.04235, 0...
"
"1","$ T_Y77    <dbl> 0.06510, 0.05293, 0.05993, 0.04472, 0.04744, 0.04943, 0.05069, 0...
"
"1","$ T_Y78    <dbl> 0.06909, 0.07471, 0.04758, 0.06248, 0.05674, 0.05430, 0.04653, 0...
"
"1","$ T_Y79    <dbl> 0.07423, 0.07073, 0.06439, 0.07122, 0.06692, 0.07479, 0.06276, 0...
"
"1","$ T_Y80    <dbl> 0.09841, 0.08018, 0.07488, 0.06511, 0.07903, 0.06325, 0.06892, 0...
"
"1","$ T_Y81    <dbl> 0.08847, 0.09623, 0.08613, 0.08760, 0.08247, 0.09724, 0.06966, 0...
"
"1","$ T_Y82    <dbl> 0.10512, 0.11087, 0.09314, 0.08908, 0.10283, 0.10067, 0.10027, 0...
"
"1","$ T_Y83    <dbl> 0.11150, 0.10800, 0.09524, 0.11171, 0.10599, 0.10539, 0.10824, 0...
"
"1","$ T_Y84    <dbl> 0.12084, 0.14133, 0.12294, 0.12061, 0.13975, 0.10290, 0.13502, 0...
"
"1","$ `T_Y85+` <dbl> 0.19514, 0.19018, 0.20323, 0.20481, 0.19326, 0.19344, 0.18512, 0...
"
